MLE,KF,PF
0.3291236896009027,123.07408162607342,1.4808414969619252
