MLE,KF,PF
0.3291236896009027,0.7619250687219508,1.4808414969619252
